[
    {
        "Pays": "France",
        "Region": "Provence-Alpes-C\u00f4te d'Azur",
        "Ville": "Marseille 13",
        "Code Postal": "13013",
        "Latitude": 43.3186,
        "Longitude": 5.40836,
        "Timezone": "Europe\/Paris",
        "ISP": "Societe Francaise Du Radiotelephone - SFR SA",
        "Org": "",
        "AS": "AS15557 Societe Francaise Du Radiotelephone - SFR SA",
        "Adresse IP": "77.205.22.73"
    },
    {
        "Pays": "France",
        "Region": "Provence-Alpes-C\u00f4te d'Azur",
        "Ville": "Marseille 13",
        "Code Postal": "13013",
        "Latitude": 43.3186,
        "Longitude": 5.40836,
        "Timezone": "Europe\/Paris",
        "ISP": "Societe Francaise Du Radiotelephone - SFR SA",
        "Org": "",
        "AS": "AS15557 Societe Francaise Du Radiotelephone - SFR SA",
        "Adresse IP": "77.205.22.73"
    },
    {
        "Pays": "France",
        "Region": "Provence-Alpes-C\u00f4te d'Azur",
        "Ville": "Marseille 13",
        "Code Postal": "13013",
        "Latitude": 43.3186,
        "Longitude": 5.40836,
        "Timezone": "Europe\/Paris",
        "ISP": "Societe Francaise Du Radiotelephone - SFR SA",
        "Org": "",
        "AS": "AS15557 Societe Francaise Du Radiotelephone - SFR SA",
        "Adresse IP": "77.205.22.73"
    },
    {
        "Pays": "France",
        "Region": "Provence-Alpes-C\u00f4te d'Azur",
        "Ville": "Marseille 13",
        "Code Postal": "13013",
        "Latitude": 43.3186,
        "Longitude": 5.40836,
        "Timezone": "Europe\/Paris",
        "ISP": "Societe Francaise Du Radiotelephone - SFR SA",
        "Org": "",
        "AS": "AS15557 Societe Francaise Du Radiotelephone - SFR SA",
        "Adresse IP": "77.205.22.73"
    },
    {
        "Pays": "France",
        "Region": "Occitanie",
        "Ville": "Saint-Hippolyte-du-Fort",
        "Code Postal": "30170",
        "Latitude": 43.9656,
        "Longitude": 3.85597,
        "Timezone": "Europe\/Paris",
        "ISP": "Societe Francaise Du Radiotelephone - SFR SA",
        "Org": "",
        "AS": "AS15557 Societe Francaise Du Radiotelephone - SFR SA",
        "Adresse IP": "77.205.21.0"
    },
    {
        "Pays": "Spain",
        "Region": "Valencia",
        "Ville": "Valencia",
        "Code Postal": "46020",
        "Latitude": 39.4923,
        "Longitude": -0.4046,
        "Timezone": "Europe\/Madrid",
        "ISP": "UNI2",
        "Org": "",
        "AS": "AS12479 Orange Espagne SA",
        "Adresse IP": "85.52.230.80"
    }
]